{
  "output": [
    {
      "protocol": "abd",
      "m": 6,
      "k": 1,
      "selected_dcs": [
        2,
        3,
        4,
        5,
        7,
        8
      ],
      "get_cost": 31.337280000000007,
      "put_cost": 2.6187840000000007,
      "storage_cost": 0.04647000000000001,
      "vm_cost": 3.6191999999999998,
      "total_cost": 37.621734000000004,
      "get_latency": 572.44,
      "put_latency": 572.44,
      "iq1": [
        [
          0,
          0,
          0,
          1,
          1,
          1,
          0,
          1,
          0
        ],
        [
          0,
          0,
          0,
          1,
          1,
          1,
          0,
          1,
          0
        ],
        [
          0,
          0,
          0,
          1,
          1,
          1,
          0,
          1,
          0
        ],
        [
          0,
          0,
          0,
          1,
          1,
          1,
          0,
          1,
          0
        ],
        [
          0,
          0,
          0,
          1,
          1,
          1,
          0,
          1,
          0
        ],
        [
          0,
          0,
          0,
          1,
          1,
          1,
          0,
          1,
          0
        ],
        [
          0,
          0,
          0,
          1,
          1,
          1,
          0,
          1,
          0
        ],
        [
          0,
          0,
          0,
          1,
          1,
          1,
          0,
          1,
          0
        ],
        [
          0,
          0,
          0,
          1,
          1,
          1,
          0,
          1,
          0
        ]
      ],
      "iq2": [
        [
          0,
          0,
          0,
          1,
          1,
          1,
          0,
          1,
          0
        ],
        [
          0,
          0,
          0,
          1,
          1,
          1,
          0,
          1,
          0
        ],
        [
          0,
          0,
          0,
          1,
          1,
          1,
          0,
          1,
          0
        ],
        [
          0,
          0,
          0,
          1,
          1,
          1,
          0,
          1,
          0
        ],
        [
          0,
          0,
          0,
          1,
          1,
          1,
          0,
          1,
          0
        ],
        [
          0,
          0,
          0,
          1,
          1,
          1,
          0,
          1,
          0
        ],
        [
          0,
          0,
          0,
          1,
          1,
          1,
          0,
          1,
          0
        ],
        [
          0,
          0,
          0,
          1,
          1,
          1,
          0,
          1,
          0
        ],
        [
          0,
          0,
          0,
          1,
          1,
          1,
          0,
          1,
          0
        ]
      ]
    },
    {
      "protocol": "abd",
      "m": 6,
      "k": 1,
      "selected_dcs": [
        2,
        3,
        4,
        5,
        7,
        8
      ],
      "get_cost": 0.0,
      "put_cost": 26.18784000000001,
      "storage_cost": 0.04647000000000001,
      "vm_cost": 3.6191999999999998,
      "total_cost": 29.853510000000007,
      "get_latency": 572.44,
      "put_latency": 572.44,
      "iq1": [
        [
          0,
          0,
          0,
          1,
          1,
          1,
          0,
          1,
          0
        ],
        [
          0,
          0,
          0,
          1,
          1,
          1,
          0,
          1,
          0
        ],
        [
          0,
          0,
          0,
          1,
          1,
          1,
          0,
          1,
          0
        ],
        [
          0,
          0,
          0,
          1,
          1,
          1,
          0,
          1,
          0
        ],
        [
          0,
          0,
          0,
          1,
          1,
          1,
          0,
          1,
          0
        ],
        [
          0,
          0,
          0,
          1,
          1,
          1,
          0,
          1,
          0
        ],
        [
          0,
          0,
          0,
          1,
          1,
          1,
          0,
          1,
          0
        ],
        [
          0,
          0,
          0,
          1,
          1,
          1,
          0,
          1,
          0
        ],
        [
          0,
          0,
          0,
          1,
          1,
          1,
          0,
          1,
          0
        ]
      ],
      "iq2": [
        [
          0,
          0,
          0,
          1,
          1,
          1,
          0,
          1,
          0
        ],
        [
          0,
          0,
          0,
          1,
          1,
          1,
          0,
          1,
          0
        ],
        [
          0,
          0,
          0,
          1,
          1,
          1,
          0,
          1,
          0
        ],
        [
          0,
          0,
          0,
          1,
          1,
          1,
          0,
          1,
          0
        ],
        [
          0,
          0,
          0,
          1,
          1,
          1,
          0,
          1,
          0
        ],
        [
          0,
          0,
          0,
          1,
          1,
          1,
          0,
          1,
          0
        ],
        [
          0,
          0,
          0,
          1,
          1,
          1,
          0,
          1,
          0
        ],
        [
          0,
          0,
          0,
          1,
          1,
          1,
          0,
          1,
          0
        ],
        [
          0,
          0,
          0,
          1,
          1,
          1,
          0,
          1,
          0
        ]
      ]
    }
  ],
  "overall_cost": 67.475244,
  "time_period_hrs": 6
}