{
  "output": [
    {
      "protocol": "cas",
      "m": 6,
      "k": 1,
      "selected_dcs": [
        3,
        4,
        5,
        6,
        7,
        8
      ],
      "get_cost": 9.145936800000005,
      "put_cost": 2.62155312,
      "storage_cost": 6.657534246575343e-05,
      "vm_cost": 3.9168000000000003,
      "total_cost": 15.68435649534247,
      "get_latency": 528.18,
      "put_latency": 792.27,
      "iq1": [
        [
          0,
          0,
          0,
          0,
          1,
          1,
          0,
          1,
          1
        ],
        [
          0,
          0,
          0,
          0,
          1,
          1,
          0,
          1,
          1
        ],
        [
          0,
          0,
          0,
          1,
          1,
          1,
          0,
          0,
          1
        ],
        [
          0,
          0,
          0,
          1,
          1,
          1,
          0,
          1,
          0
        ],
        [
          0,
          0,
          0,
          1,
          1,
          1,
          0,
          0,
          1
        ],
        [
          0,
          0,
          0,
          0,
          1,
          1,
          0,
          1,
          1
        ],
        [
          0,
          0,
          0,
          1,
          1,
          1,
          1,
          0,
          0
        ],
        [
          0,
          0,
          0,
          0,
          1,
          1,
          0,
          1,
          1
        ],
        [
          0,
          0,
          0,
          0,
          1,
          1,
          0,
          1,
          1
        ]
      ],
      "iq2": [
        [
          0,
          0,
          0,
          0,
          1,
          1,
          0,
          1,
          1
        ],
        [
          0,
          0,
          0,
          0,
          1,
          1,
          0,
          1,
          1
        ],
        [
          0,
          0,
          0,
          1,
          1,
          1,
          0,
          0,
          1
        ],
        [
          0,
          0,
          0,
          1,
          1,
          1,
          0,
          1,
          0
        ],
        [
          0,
          0,
          0,
          1,
          1,
          1,
          0,
          0,
          1
        ],
        [
          0,
          0,
          0,
          0,
          1,
          1,
          0,
          1,
          1
        ],
        [
          0,
          0,
          0,
          1,
          1,
          1,
          1,
          0,
          0
        ],
        [
          0,
          0,
          0,
          0,
          1,
          1,
          0,
          1,
          1
        ],
        [
          0,
          0,
          0,
          0,
          1,
          1,
          0,
          1,
          1
        ]
      ],
      "iq3": [
        [
          0,
          0,
          0,
          0,
          1,
          1,
          0,
          1,
          1
        ],
        [
          0,
          0,
          0,
          0,
          1,
          1,
          0,
          1,
          1
        ],
        [
          0,
          0,
          0,
          1,
          1,
          1,
          0,
          0,
          1
        ],
        [
          0,
          0,
          0,
          1,
          1,
          1,
          0,
          1,
          0
        ],
        [
          0,
          0,
          0,
          1,
          1,
          1,
          0,
          0,
          1
        ],
        [
          0,
          0,
          0,
          0,
          1,
          1,
          0,
          1,
          1
        ],
        [
          0,
          0,
          0,
          1,
          1,
          1,
          1,
          0,
          0
        ],
        [
          0,
          0,
          0,
          0,
          1,
          1,
          0,
          1,
          1
        ],
        [
          0,
          0,
          0,
          0,
          1,
          1,
          0,
          1,
          1
        ]
      ],
      "iq4": [
        [
          0,
          0,
          0,
          0,
          1,
          1,
          0,
          1,
          1
        ],
        [
          0,
          0,
          0,
          0,
          1,
          1,
          0,
          1,
          1
        ],
        [
          0,
          0,
          0,
          1,
          1,
          1,
          0,
          0,
          1
        ],
        [
          0,
          0,
          0,
          1,
          1,
          1,
          0,
          1,
          0
        ],
        [
          0,
          0,
          0,
          1,
          1,
          1,
          0,
          0,
          1
        ],
        [
          0,
          0,
          0,
          0,
          1,
          1,
          0,
          1,
          1
        ],
        [
          0,
          0,
          0,
          1,
          1,
          1,
          1,
          0,
          0
        ],
        [
          0,
          0,
          0,
          0,
          1,
          1,
          0,
          1,
          1
        ],
        [
          0,
          0,
          0,
          0,
          1,
          1,
          0,
          1,
          1
        ]
      ]
    },
    {
      "protocol": "cas",
      "m": 6,
      "k": 1,
      "selected_dcs": [
        2,
        3,
        4,
        5,
        7,
        8
      ],
      "get_cost": 0.0,
      "put_cost": 26.2175832,
      "storage_cost": 6.365753424657535e-05,
      "vm_cost": 3.6191999999999998,
      "total_cost": 29.836846857534248,
      "get_latency": 504,
      "put_latency": 756,
      "iq1": [
        [
          0,
          0,
          1,
          0,
          0,
          1,
          0,
          1,
          1
        ],
        [
          0,
          0,
          1,
          0,
          0,
          1,
          0,
          1,
          1
        ],
        [
          0,
          0,
          1,
          1,
          1,
          1,
          0,
          0,
          0
        ],
        [
          0,
          0,
          1,
          1,
          1,
          1,
          0,
          0,
          0
        ],
        [
          0,
          0,
          0,
          1,
          1,
          1,
          0,
          0,
          1
        ],
        [
          0,
          0,
          0,
          0,
          1,
          1,
          0,
          1,
          1
        ],
        [
          0,
          0,
          0,
          1,
          1,
          1,
          0,
          0,
          1
        ],
        [
          0,
          0,
          0,
          0,
          1,
          1,
          0,
          1,
          1
        ],
        [
          0,
          0,
          0,
          0,
          1,
          1,
          0,
          1,
          1
        ]
      ],