{
  "output": [
    {
      "protocol": "abd",
      "m": 6,
      "k": 1,
      "selected_dcs": [
        3,
        4,
        5,
        6,
        7,
        8
      ],
      "get_cost": 32.698080000000004,
      "put_cost": 2.6189352000000006,
      "storage_cost": 6.657534246575343e-05,
      "vm_cost": 3.9168000000000003,
      "total_cost": 39.233881775342475,
      "get_latency": 528.18,
      "put_latency": 528.18,
      "iq1": [
        [
          0,
          0,
          0,
          0,
          1,
          1,
          0,
          1,
          1
        ],
        [
          0,
          0,
          0,
          0,
          1,
          1,
          0,
          1,
          1
        ],
        [
          0,
          0,
          0,
          1,
          1,
          1,
          0,
          0,
          1
        ],
        [
          0,
          0,
          0,
          1,
          1,
          1,
          0,
          1,
          0
        ],
        [
          0,
          0,
          0,
          1,
          1,
          1,
          0,
          0,
          1
        ],
        [
          0,
          0,
          0,
          0,
          1,
          1,
          0,
          1,
          1
        ],
        [
          0,
          0,
          0,
          1,
          1,
          1,
          1,
          0,
          0
        ],
        [
          0,
          0,
          0,
          0,
          1,
          1,
          0,
          1,
          1
        ],
        [
          0,
          0,
          0,
          0,
          1,
          1,
          0,
          1,
          1
        ]
      ],
      "iq2": [
        [
          0,
          0,
          0,
          0,
          1,
          1,
          0,
          1,
          1
        ],
        [
          0,
          0,
          0,
          0,
          1,
          1,
          0,
          1,
          1
        ],
        [
          0,
          0,
          0,
          1,
          1,
          1,
          0,
          0,
          1
        ],
        [
          0,
          0,
          0,
          1,
          1,
          1,
          0,
          1,
          0
        ],
        [
          0,
          0,
          0,
          1,
          1,
          1,
          0,
          0,
          1
        ],
        [
          0,
          0,
          0,
          0,
          1,
          1,
          0,
          1,
          1
        ],
        [
          0,
          0,
          0,
          1,
          1,
          1,
          1,
          0,
          0
        ],
        [
          0,
          0,
          0,
          0,
          1,
          1,
          0,
          1,
          1
        ],
        [
          0,
          0,
          0,
          0,
          1,
          1,
          0,
          1,
          1
        ]
      ]
    },
    {
      "protocol": "abd",
      "m": 6,
      "k": 1,
      "selected_dcs": [
        2,
        3,
        4,
        5,
        7,
        8
      ],
      "get_cost": 0.0,
      "put_cost": 26.191404,
      "storage_cost": 6.365753424657535e-05,
      "vm_cost": 3.6191999999999998,
      "total_cost": 29.810667657534246,
      "get_latency": 504,
      "put_latency": 504,
      "iq1": [
        [
          0,
          0,
          1,
          0,
          0,
          1,
          0,
          1,
          1
        ],
        [
          0,
          0,
          1,
          0,
          0,
          1,
          0,
          1,
          1
        ],
        [
          0,
          0,
          1,
          1,
          1,
          1,
          0,
          0,
          0
        ],
        [
          0,
          0,
          1,
          1,
          1,
          1,
          0,
          0,
          0
        ],
        [
          0,
          0,
          0,
          1,
          1,
          1,
          0,
          0,
          1
        ],
        [
          0,
          0,
          0,
          0,
          1,
          1,
          0,
          1,
          1
        ],
        [
          0,
          0,
          0,
          1,
          1,
          1,
          0,
          0,
          1
        ],
        [
          0,
          0,
          0,
          0,
          1,
          1,
          0,
          1,
          1
        ],
        [
          0,
          0,
          0,
          0,
          1,
          1,
          0,
          1,
          1
        ]
      ],
      "iq2": [
        [
          0,
          0,
          1,
          0,
          0,
          1,
          0,
          1,
          1
        ],
        [
          0,
          0,
          1,
          0,
          0,
          1,
          0,
          1,
          1
        ],
        [
          0,
          0,
          1,
          1,
          1,
          1,
          0,
          0,
          0
        ],
        [
          0,
          0,
          1,
          1,
          1,
          1,
          0,
          0,
          0
        ],
        [
          0,
          0,
          0,
          1,
          1,
          1,
          0,
          0,
          1
        ],
        [
          0,
          0,
          0,
          0,
          1,
          1,
          0,
          1,
          1
        ],
        [
          0,
          0,
          0,
          1,
          1,
          1,
          0,
          0,
          1
        ],
        [
          0,
          0,
          0,
          0,
          1,
          1,
          0,
          1,
          1
        ],
        [
          0,
          0,
          0,
          0,
          1,
          1,
          0,
          1,
          1
        ]
      ]
    }
  ]
}