{
  "output": [
    {
      "protocol": "cas",
      "m": 6,
      "k": 2,
      "selected_dcs": [
        3,
        4,
        5,
        6,
        7,
        8
      ],
      "get_cost": 4.577536799999999,
      "put_cost": 1.3125931199999998,
      "storage_cost": 3.328767123287672e-05,
      "vm_cost": 3.9168000000000003,
      "total_cost": 9.806963207671231,
      "get_latency": 528.18,
      "put_latency": 792.27,
      "iq1": [
        [
          0,
          0,
          0,
          0,
          1,
          1,
          0,
          1,
          1
        ],
        [
          0,
          0,
          0,
          0,
          1,
          1,
          0,
          1,
          1
        ],
        [
          0,
          0,
          0,
          1,
          1,
          1,
          0,
          0,
          1
        ],
        [
          0,
          0,
          0,
          1,
          1,
          1,
          0,
          1,
          0
        ],
        [
          0,
          0,
          0,
          1,
          1,
          1,
          0,
          0,
          1
        ],
        [
          0,
          0,
          0,
          0,
          1,
          1,
          0,
          1,
          1
        ],
        [
          0,
          0,
          0,
          1,
          1,
          1,
          1,
          0,
          0
        ],
        [
          0,
          0,
          0,
          0,
          1,
          1,
          0,
          1,
          1
        ],
        [
          0,
          0,
          0,
          0,
          1,
          1,
          0,
          1,
          1
        ]
      ],
      "iq2": [
        [
          0,
          0,
          0,
          0,
          1,
          1,
          0,
          1,
          1
        ],
        [
          0,
          0,
          0,
          0,
          1,
          1,
          0,
          1,
          1
        ],
        [
          0,
          0,
          0,
          1,
          1,
          1,
          0,
          0,
          1
        ],
        [
          0,
          0,
          0,
          1,
          1,
          1,
          0,
          1,
          0
        ],
        [
          0,
          0,
          0,
          1,
          1,
          1,
          0,
          0,
          1
        ],
        [
          0,
          0,
          0,
          0,
          1,
          1,
          0,
          1,
          1
        ],
        [
          0,
          0,
          0,
          1,
          1,
          1,
          1,
          0,
          0
        ],
        [
          0,
          0,
          0,
          0,
          1,
          1,
          0,
          1,
          1
        ],
        [
          0,
          0,
          0,
          0,
          1,
          1,
          0,
          1,
          1
        ]
      ],
      "iq3": [
        [
          0,
          0,
          0,
          0,
          1,
          1,
          0,
          1,
          1
        ],
        [
          0,
          0,
          0,
          0,
          1,
          1,
          0,
          1,
          1
        ],
        [
          0,
          0,
          0,
          1,
          1,
          1,
          0,
          0,
          1
        ],
        [
          0,
          0,
          0,
          1,
          1,
          1,
          0,
          1,
          0
        ],
        [
          0,
          0,
          0,
          1,
          1,
          1,
          0,
          0,
          1
        ],
        [
          0,
          0,
          0,
          0,
          1,
          1,
          0,
          1,
          1
        ],
        [
          0,
          0,
          0,
          1,
          1,
          1,
          1,
          0,
          0
        ],
        [
          0,
          0,
          0,
          0,
          1,
          1,
          0,
          1,
          1
        ],
        [
          0,
          0,
          0,
          0,
          1,
          1,
          0,
          1,
          1
        ]
      ],
      "iq4": [
        [
          0,
          0,
          0,
          0,
          1,
          1,
          0,
          1,
          1
        ],
        [
          0,
          0,
          0,
          0,
          1,
          1,
          0,
          1,
          1
        ],
        [
          0,
          0,
          0,
          1,
          1,
          1,
          0,
          0,
          1
        ],
        [
          0,
          0,
          0,
          1,
          1,
          1,
          0,
          1,
          0
        ],
        [
          0,
          0,
          0,
          1,
          1,
          1,
          0,
          0,
          1
        ],
        [
          0,
          0,
          0,
          0,
          1,
          1,
          0,
          1,
          1
        ],
        [
          0,
          0,
          0,
          1,
          1,
          1,
          1,
          0,
          0
        ],
        [
          0,
          0,
          0,
          0,
          1,
          1,
          0,
          1,
          1
        ],
        [
          0,
          0,
          0,
          0,
          1,
          1,
          0,
          1,
          1
        ]
      ]
    },
    {
      "protocol": "cas",
      "m": 8,
      "k": 4,
      "selected_dcs": [
        0,
        1,
        2,
        3,
        4,
        5,
        7,
        8
      ],
      "get_cost": 0.0,
      "put_cost": 9.864007200000003,
      "storage_cost": 1.8318493150684934e-05,
      "vm_cost": 5.040000000000001,
      "total_cost": 14.904025518493155,
      "get_latency": 594.44,
      "put_latency": 825.6800000000001,
      "iq1": [
        [
          1,
          1,
          1,
          0,
          0,
          1,
          0,
          1,
          1
        ],
        [
          1,
          1,
          1,
          0,
          0,
          1,
          0,
          1,
          1
        ],
        [
          1,
          1,
          1,
          1,
          1,
          1,
          0,
          0,
          0
        ],
        [
          0,
          0,
          1,
          1,
          1,
          1,
          0,
          1,
          1
        ],
        [
          0,
          0,
          1,
          1,
          1,
          1,
          0,
          1,
          1
        ],
        [
          1,
          0,
          0,
          1,
          1,
          1,
          0,
          1,
          1
        ],
        [
          1,
          0,
          0,
          1,
          1,
          1,
          0,
          1,
          1
        ],
        [
          1,
          1,
          0,
          0,
          1,
          1,
          0,
          1,
          1
        ],
        [
          1,
          1,
          0,
          0,
          1,
          1,
          0,
          1,
          1
        ]
      ],